ID,Predicted Class
7872,SIRA
6718,HOROZ
6799,HOROZ
4649,CALI
6285,HOROZ
2566,BARBUNYA
10934,DERMASON
3951,CALI
6598,HOROZ
5948,HOROZ
8053,SIRA
12368,DERMASON
2351,BARBUNYA
3887,HOROZ
1130,SEKER
13515,SIRA
10502,DERMASON
4868,CALI
8210,SIRA
7558,DERMASON
7752,SIRA
11265,DERMASON
6538,HOROZ
9468,SIRA
2157,BARBUNYA
9388,SIRA
6672,HOROZ
2198,BARBUNYA
2233,BARBUNYA
2723,BARBUNYA
12197,DERMASON
11302,DERMASON
6258,HOROZ
7574,DERMASON
681,SEKER
11711,DERMASON
13418,SIRA
144,SEKER
7406,HOROZ
9024,SIRA
11764,DERMASON
10646,DERMASON
6120,HOROZ
4203,CALI
10917,DERMASON
3371,BOMBAY
8124,SIRA
1712,SEKER
8471,SIRA
9579,SIRA
4006,CALI
7755,SIRA
10546,DERMASON
2471,BARBUNYA
9713,SIRA
1115,SEKER
7537,DERMASON
9841,SIRA
6731,HOROZ
7277,HOROZ
10632,DERMASON
6498,HOROZ
7581,DERMASON
8695,SIRA
191,SEKER
9806,SIRA
11378,DERMASON
3739,BOMBAY
627,SEKER
5478,CALI
1190,SEKER
4149,CALI
10242,DERMASON
8081,SIRA
4735,CALI
3745,BOMBAY
7612,DERMASON
12460,DERMASON
12600,DERMASON
8742,SIRA
8769,SIRA
8623,SIRA
3907,CALI
9823,SIRA
9008,HOROZ
4446,CALI
6030,HOROZ
11531,DERMASON
12198,DERMASON
13413,DERMASON
8921,SIRA
1614,SEKER
4479,CALI
12346,DERMASON
5061,CALI
239,SEKER
12866,DERMASON
8556,SIRA
4034,CALI
3404,BOMBAY
1394,SEKER
5560,HOROZ
163,SEKER
11594,DERMASON
8266,SIRA
3137,BARBUNYA
3720,BOMBAY
5070,CALI
3487,BOMBAY
718,SEKER
12283,DERMASON
2636,BARBUNYA
11145,DERMASON
106,SEKER
13444,DERMASON
2870,BARBUNYA
2642,BARBUNYA
5121,CALI
8859,SIRA
1256,SEKER
10895,DERMASON
3180,BARBUNYA
8132,SIRA
3445,BOMBAY
11894,DERMASON
9188,SIRA
315,SEKER
5737,HOROZ
10558,DERMASON
1419,SEKER
11839,DERMASON
4614,CALI
1666,SEKER
5636,HOROZ
6703,HOROZ
7611,DERMASON
5765,HOROZ
2425,BARBUNYA
7349,HOROZ
7012,HOROZ
4242,CALI
13479,SIRA
11356,DERMASON
3104,BARBUNYA
10606,DERMASON
12464,DERMASON
2444,BARBUNYA
8768,SIRA
12789,DERMASON
1741,SEKER
9936,SIRA
8202,SIRA
6730,HOROZ
10377,DERMASON
10696,DERMASON
9995,SIRA
1238,SEKER
11383,DERMASON
632,SEKER
188,SEKER
4557,CALI
12938,DERMASON
5798,HOROZ
2911,BARBUNYA
5495,CALI
5036,CALI
4568,CALI
13523,SIRA
5459,CALI
818,SEKER
1685,SEKER
9325,SIRA
7479,DERMASON
844,SEKER
13317,DERMASON
9559,SIRA
10266,DERMASON
13466,DERMASON
251,SEKER
1523,SEKER
5076,CALI
13598,SIRA
13392,DERMASON
8776,SIRA
12725,DERMASON
11377,DERMASON
411,SEKER
7030,HOROZ
9171,SIRA
4924,CALI
7965,SIRA
11286,DERMASON
269,SEKER
4917,CALI
4083,CALI
6757,HOROZ
4190,CALI
12411,DERMASON
12970,DERMASON
10890,DERMASON
8329,SIRA
5864,HOROZ
7099,HOROZ
2928,BARBUNYA
6562,HOROZ
2759,BARBUNYA
976,SEKER
5914,HOROZ
6648,HOROZ
7648,DERMASON
4496,CALI
1575,SEKER
13285,DERMASON
6825,HOROZ
5226,CALI
8261,SIRA
12539,DERMASON
10195,DERMASON
12144,DERMASON
2226,CALI
9350,SIRA
885,SEKER
4616,CALI
1316,SEKER
9667,SIRA
5477,CALI
1251,SEKER
9625,SIRA
7261,HOROZ
5493,CALI
3477,BOMBAY
3008,BARBUNYA
9130,SIRA
9145,SIRA
12989,DERMASON
4811,CALI
2864,BARBUNYA
10948,DERMASON
6439,HOROZ
11456,DERMASON
8986,SIRA
5526,HOROZ
9397,SIRA
711,SEKER
9881,SIRA
5982,HOROZ
12995,DERMASON
8321,SIRA
3623,BOMBAY
1052,SEKER
1368,SEKER
11622,DERMASON
4589,CALI
5726,HOROZ
3866,BOMBAY
11174,DERMASON
1931,SEKER
145,SEKER
6409,HOROZ
9290,SIRA
2343,BARBUNYA
8987,SIRA
6444,HOROZ
7604,SIRA
3885,HOROZ
7340,HOROZ
7036,HOROZ
9119,SIRA
10059,SIRA
11018,DERMASON
4011,CALI
6607,HOROZ
9433,SIRA
11080,DERMASON
13606,DERMASON
3251,BARBUNYA
3401,BOMBAY
6513,HOROZ
8131,SIRA
9649,SIRA
3138,BARBUNYA
1172,SEKER
9660,SIRA
10564,DERMASON
2589,BARBUNYA
2679,BARBUNYA
12724,DERMASON
10035,SIRA
11782,DERMASON
1167,SEKER
2165,BARBUNYA
3046,BARBUNYA
4893,CALI
2610,BARBUNYA
4256,CALI
7905,SIRA
9475,SIRA
8430,SIRA
11218,DERMASON
10598,DERMASON
12345,DERMASON
1330,SEKER
11739,DERMASON
5057,CALI
11173,DERMASON
13025,DERMASON
672,SEKER
8024,SIRA
4579,CALI
1020,SEKER
4314,CALI
10435,DERMASON
10130,DERMASON
6593,HOROZ
13180,DERMASON
5780,HOROZ
7974,SIRA
8576,SIRA
12803,DERMASON
8223,SIRA
5018,CALI
11747,DERMASON
6619,HOROZ
9474,SIRA
8917,SIRA
2905,BARBUNYA
5795,HOROZ
7128,HOROZ
7222,HOROZ
7660,SIRA
6769,HOROZ
10116,DERMASON
118,SEKER
10020,SIRA
9294,SIRA
10301,DERMASON
492,SEKER
9617,SIRA
3259,BARBUNYA
6119,HOROZ
11888,DERMASON
12164,DERMASON
3302,BARBUNYA
455,SEKER
12996,DERMASON
6979,HOROZ
8720,SIRA
5211,CALI
12231,DERMASON
3191,BARBUNYA
10838,DERMASON
6714,HOROZ
7608,DERMASON
1906,SEKER
5632,HOROZ
6946,HOROZ
4752,CALI
3757,BOMBAY
13437,DERMASON
6432,HOROZ
12956,DERMASON
8791,SIRA
9791,SIRA
644,SEKER
10715,DERMASON
11373,DERMASON
6039,HOROZ
11284,DERMASON
878,SEKER
7403,HOROZ
6291,HOROZ
9415,SIRA
12395,DERMASON
6302,HOROZ
2960,BARBUNYA
1564,SEKER
1540,SEKER
10157,DERMASON
2346,BARBUNYA
2838,BARBUNYA
11491,DERMASON
7847,SIRA
8199,SIRA
12182,DERMASON
7417,CALI
11612,DERMASON
2987,BARBUNYA
12818,DERMASON
8213,SIRA
1948,SEKER
11891,DERMASON
3398,BOMBAY
9322,SIRA
5305,CALI
12900,DERMASON
5432,CALI
7302,HOROZ
1199,SEKER
12718,DERMASON
2495,BARBUNYA
10555,DERMASON
6483,HOROZ
2127,BARBUNYA
3577,BOMBAY
3174,BARBUNYA
11048,DERMASON
7709,SIRA
9292,SIRA
8408,SIRA
11740,DERMASON
8072,SIRA
4196,CALI
404,SEKER
7888,SIRA
7977,SIRA
6641,HOROZ
10325,DERMASON
10788,DERMASON
8792,SIRA
10158,DERMASON
12746,DERMASON
3332,BARBUNYA
2766,BARBUNYA
12248,DERMASON
2203,BARBUNYA
10211,DERMASON
6587,HOROZ
11873,DERMASON
2654,BARBUNYA
7936,SIRA
11837,DERMASON
3698,BOMBAY
5484,CALI
8162,SIRA
5102,CALI
9562,SIRA
7707,SIRA
3896,BARBUNYA
6403,HOROZ
5449,CALI
3354,BOMBAY
11288,DERMASON
4215,CALI
3895,CALI
2168,BARBUNYA
8412,SIRA
12826,DERMASON
668,SEKER
12621,DERMASON
4617,CALI
8387,SIRA
9391,SIRA
8238,SIRA
10924,DERMASON
11433,DERMASON
9777,SIRA
1327,SEKER
10092,DERMASON
5692,SIRA
6909,HOROZ
3320,BARBUNYA
2811,BARBUNYA
6110,HOROZ
2403,BARBUNYA
2613,BARBUNYA
8089,SIRA
6725,HOROZ
698,SEKER
734,SEKER
3733,BOMBAY
5398,CALI
1668,SEKER
7806,SIRA
7324,HOROZ
12730,DERMASON
1612,SEKER
4742,CALI
13042,DERMASON
4465,CALI
11525,DERMASON
5588,HOROZ
7431,DERMASON
4947,CALI
1691,SEKER
1964,BARBUNYA
1438,SEKER
7074,HOROZ
7275,HOROZ
6638,HOROZ
8107,SIRA
12580,DERMASON
12946,DERMASON
7491,DERMASON
10403,DERMASON
7013,HOROZ
558,SEKER
7120,HOROZ
3281,BARBUNYA
439,SEKER
1283,SEKER
12720,DERMASON
2815,BARBUNYA
5387,CALI
12183,DERMASON
10272,DERMASON
10729,DERMASON
11732,DERMASON
12806,DERMASON
8110,SIRA
11215,DERMASON
3250,BARBUNYA
10281,DERMASON
7401,HOROZ
12737,DERMASON
5217,CALI
12590,DERMASON
6620,HOROZ
5299,CALI
679,SEKER
8916,SIRA
1876,SEKER
12945,SIRA
4071,CALI
10989,DERMASON
1077,SEKER
4044,CALI
4336,CALI
1869,SEKER
1975,SEKER
11607,DERMASON
11504,DERMASON
8391,SIRA
9624,SIRA
7818,SIRA
1502,SEKER
11993,DERMASON
3879,HOROZ
1113,SEKER
11969,DERMASON
4690,CALI
11778,DERMASON
7476,DERMASON
9094,SIRA
8409,SIRA
10463,DERMASON
3417,BOMBAY
7569,DERMASON
6399,SIRA
5489,CALI
8587,BARBUNYA
10186,DERMASON
12089,DERMASON
6574,HOROZ
8552,SIRA
9854,SIRA
11807,DERMASON
7865,SIRA
12888,DERMASON
8360,SIRA
1048,SEKER
2596,BARBUNYA
2450,BARBUNYA
8789,SIRA
5623,HOROZ
13218,DERMASON
3441,BOMBAY
322,SEKER
11482,DERMASON
7838,SIRA
6022,HOROZ
3810,BOMBAY
11028,DERMASON
401,DERMASON
1507,DERMASON
13567,DERMASON
6401,HOROZ
2651,BARBUNYA
7559,SIRA
5963,HOROZ
4653,BARBUNYA
9042,SIRA
9164,SIRA
1533,SEKER
9663,SIRA
9831,BARBUNYA
189,SEKER
11712,DERMASON
10154,DERMASON
3094,BARBUNYA
9238,SIRA
1140,SEKER
7573,DERMASON
12576,DERMASON
8727,SIRA
2742,BARBUNYA
6830,HOROZ
7215,HOROZ
9240,SIRA
13362,DERMASON
8351,SIRA
7626,SIRA
12824,DERMASON
5766,HOROZ
8529,SIRA
7138,HOROZ
6778,HOROZ
1235,SEKER
10684,DERMASON
4788,CALI
7216,HOROZ
2170,BARBUNYA
277,SEKER
6189,HOROZ
8161,SIRA
6690,HOROZ
9725,SIRA
10691,DERMASON
8702,SIRA
4069,CALI
835,SEKER
1259,SEKER
127,SEKER
1279,SEKER
4115,CALI
9425,SIRA
3817,BOMBAY
7523,DERMASON
1231,SEKER
11546,DERMASON
4815,CALI
2150,BARBUNYA
9896,SIRA
7252,HOROZ
7722,SIRA
11195,DERMASON
4746,CALI
9020,SIRA
11590,DERMASON
481,SEKER
11108,DERMASON
13240,DERMASON
3769,BOMBAY
8685,SIRA
9189,SIRA
790,SEKER
957,SEKER
3308,BARBUNYA
2179,BARBUNYA
10521,DERMASON
7229,HOROZ
4271,CALI
1118,SEKER
3625,BOMBAY
11428,DERMASON
2553,BARBUNYA
10090,DERMASON
6706,HOROZ
2,SEKER
4715,CALI
3748,BOMBAY
3266,BARBUNYA
5686,SIRA
11744,DERMASON
4929,CALI
7954,DERMASON
6829,HOROZ
13590,DERMASON
4833,CALI
13359,DERMASON
2876,BARBUNYA
5308,CALI
576,SEKER
10980,DERMASON
12681,DERMASON
11552,DERMASON
3461,BOMBAY
8664,SIRA
5413,CALI
9001,SIRA
8428,SIRA
2156,BARBUNYA
6704,HOROZ
935,SEKER
9513,SIRA
9002,SIRA
9925,SIRA
678,SEKER
974,SEKER
4443,CALI
5910,HOROZ
3123,BARBUNYA
8780,SIRA
1780,SIRA
4343,CALI
2411,BARBUNYA
12081,DERMASON
83,SEKER
9862,SIRA
6890,HOROZ
9251,SIRA
12007,DERMASON
3347,BARBUNYA
12024,DERMASON
6091,HOROZ
1081,SEKER
849,SEKER
3443,BOMBAY
8037,SIRA
7209,HOROZ
6914,HOROZ
10744,DERMASON
7602,DERMASON
10357,DERMASON
8151,SIRA
6918,HOROZ
11646,DERMASON
2542,CALI
13163,DERMASON
12430,DERMASON
11728,DERMASON
6496,HOROZ
4720,CALI
965,SEKER
7355,HOROZ
11997,DERMASON
2223,BARBUNYA
6941,HOROZ
513,SEKER
8687,SIRA
12138,DERMASON
9994,SIRA
4111,CALI
451,SEKER
13053,DERMASON
2633,BARBUNYA
3430,BOMBAY
10318,DERMASON
7284,HOROZ
1367,SEKER
4966,CALI
744,SEKER
2047,SEKER
10232,DERMASON
13258,DERMASON
6004,HOROZ
3537,BOMBAY
8785,SIRA
6471,HOROZ
12033,DERMASON
4699,CALI
11913,DERMASON
4482,CALI
11667,DERMASON
12676,DERMASON
11920,DERMASON
13420,DERMASON
4408,CALI
12648,DERMASON
10894,DERMASON
10124,DERMASON
1304,SEKER
2090,BARBUNYA
4919,CALI
9448,SIRA
3557,BOMBAY
7961,SIRA
5219,CALI
154,SEKER
12323,DERMASON
10680,DERMASON
1203,SEKER
11270,DERMASON
2934,BARBUNYA
9627,SIRA
4039,CALI
1176,SEKER
1043,SEKER
11817,DERMASON
12100,DERMASON
12534,DERMASON
10336,DERMASON
12059,DERMASON
9700,SIRA
4113,CALI
2246,BARBUNYA
4783,CALI
3671,BOMBAY
385,SEKER
7469,DERMASON
1109,SEKER
5063,CALI
12727,DERMASON
1123,SEKER
10438,DERMASON
2197,BARBUNYA
10316,DERMASON
6740,HOROZ
12854,DERMASON
1884,SEKER
13322,SEKER
10355,DERMASON
10967,DERMASON
9707,SIRA
7388,HOROZ
4560,CALI
2524,BARBUNYA
3655,BOMBAY
3768,BOMBAY
2644,BARBUNYA
2048,SIRA
4872,CALI
4723,CALI
8284,SIRA
10427,DERMASON
5029,CALI
10697,DERMASON
2496,BARBUNYA
11122,DERMASON
6820,HOROZ
13439,SIRA
2051,BARBUNYA
12424,DERMASON
12120,DERMASON
12208,DERMASON
10790,DERMASON
10877,DERMASON
7670,SIRA
11223,DERMASON
5986,HOROZ
5309,CALI
9596,SIRA
12455,DERMASON
6858,HOROZ
11770,DERMASON
930,SEKER
6650,HOROZ
1740,SEKER
893,SEKER
10597,DERMASON
176,SEKER
11951,DERMASON
3099,BARBUNYA
760,SEKER
11907,DERMASON
3647,BOMBAY
887,SEKER
8472,SIRA
2443,BARBUNYA
11880,DERMASON
3270,BARBUNYA
11466,DERMASON
4280,CALI
10537,DERMASON
2477,BARBUNYA
1860,SEKER
4863,CALI
826,SEKER
6882,HOROZ
5168,CALI
3102,BARBUNYA
9050,SIRA
7198,HOROZ
991,SEKER
12480,DERMASON
9915,SIRA
4283,CALI
7465,DERMASON
5671,HOROZ
10240,DERMASON
7174,HOROZ
8696,SIRA
10660,DERMASON
7692,SIRA
10942,DERMASON
12481,DERMASON
7490,DERMASON
3241,BARBUNYA
987,SEKER
4760,CALI
7482,DERMASON
4744,CALI
9980,SIRA
9401,SIRA
3265,BARBUNYA
9301,SIRA
2097,BARBUNYA
4729,CALI
5494,CALI
11194,DERMASON
9601,SIRA
3892,SIRA
1464,SEKER
6594,HOROZ
13037,SEKER
12447,DERMASON
11765,DERMASON
8890,SIRA
13187,SEKER
10461,DERMASON
4561,CALI
5317,CALI
10044,HOROZ
12355,DERMASON
9780,SIRA
11423,DERMASON
445,SEKER
3656,BOMBAY
884,SEKER
8181,SIRA
5158,CALI
3772,BOMBAY
5595,HOROZ
1799,SEKER
2483,BARBUNYA
6322,HOROZ
270,SEKER
4702,CALI
11852,DERMASON
9521,SIRA
2344,CALI
8532,SIRA
3793,BOMBAY
13366,DERMASON
13116,SIRA
12152,DERMASON
5272,CALI
8817,SIRA
11343,DERMASON
2559,BARBUNYA
3147,BARBUNYA
11485,DERMASON
13182,DERMASON
6366,HOROZ
5927,HOROZ
1973,SEKER
5658,HOROZ
12618,DERMASON
4100,CALI
10633,DERMASON
13073,SIRA
12927,DERMASON
3668,BOMBAY
8914,SIRA
2432,BARBUNYA
822,SEKER
8716,SIRA
12042,DERMASON
10500,DERMASON
2481,BARBUNYA
8551,SIRA
864,SEKER
5116,CALI
11175,DERMASON
4987,BARBUNYA
9497,SIRA
10878,DERMASON
5999,HOROZ
7483,DERMASON
10289,DERMASON
4437,CALI
3993,CALI
9411,SIRA
4609,CALI
6062,HOROZ
11399,DERMASON
5081,CALI
4060,CALI
4499,CALI
3076,BARBUNYA
7010,HOROZ
2856,BARBUNYA
13470,DERMASON
5473,CALI
2532,BARBUNYA
7404,HOROZ
13356,DERMASON
4928,CALI
5628,HOROZ
5966,HOROZ
9799,SIRA
7910,DERMASON
8277,SIRA
12532,DERMASON
2622,BARBUNYA
6771,HOROZ
8105,SIRA
3608,BOMBAY
13451,SIRA
8880,SIRA
6845,HOROZ
3782,BOMBAY
1941,SIRA
3254,BARBUNYA
4856,CALI
6061,HOROZ
9368,SIRA
8911,SIRA
10238,DERMASON
12823,DERMASON
160,SEKER
13220,SIRA
3520,BOMBAY
6980,HOROZ
1001,SEKER
11835,DERMASON
4234,CALI
9975,SIRA
4263,CALI
1303,SEKER
12057,DERMASON
7840,SIRA
1810,SEKER
11260,DERMASON
4109,CALI
9693,SIRA
7290,HOROZ
13294,SIRA
10723,DERMASON
10038,SIRA
8456,SIRA
5450,CALI
9022,SIRA
4077,CALI
5782,HOROZ
12502,DERMASON
9405,SIRA
10827,DERMASON
2892,BARBUNYA
434,SEKER
1197,SEKER
6301,HOROZ
9005,SIRA
8366,SIRA
5163,CALI
4790,CALI
3947,HOROZ
7540,DERMASON
7680,SIRA
2267,BARBUNYA
8392,SIRA
11443,DERMASON
6554,HOROZ
2657,BARBUNYA
9330,SIRA
2628,BARBUNYA
6852,HOROZ
3713,BOMBAY
1739,SEKER
6999,HOROZ
7489,DERMASON
3400,BOMBAY
8764,SIRA
7603,DERMASON
12307,DERMASON
12174,DERMASON
3919,CALI
1756,SIRA
847,SEKER
1307,SEKER
7014,HOROZ
6561,HOROZ
767,SEKER
9537,SIRA
12050,DERMASON
10552,DERMASON
4369,CALI
12021,DERMASON
1398,SEKER
2052,BARBUNYA
7821,SIRA
728,SEKER
5429,CALI
10033,SIRA
10642,DERMASON
1713,SEKER
12022,DERMASON
9568,SIRA
2833,BARBUNYA
420,SEKER
12286,DERMASON
7202,HOROZ
6722,HOROZ
11431,DERMASON
5286,CALI
9000,SIRA
7561,SIRA
12446,DERMASON
12505,DERMASON
5809,HOROZ
2236,BARBUNYA
12490,DERMASON
8001,SIRA
3026,BARBUNYA
6230,HOROZ
12078,DERMASON
4904,CALI
12774,DERMASON
9160,SIRA
11219,DERMASON
12958,DERMASON
1195,SEKER
12734,DERMASON
8540,SIRA
11368,DERMASON
10428,DERMASON
5157,CALI
3231,BARBUNYA
10462,DERMASON
10903,DERMASON
12491,DERMASON
8855,SIRA
4989,CALI
12128,DERMASON
9844,SIRA
5198,CALI
2512,BARBUNYA
3478,BOMBAY
12439,DERMASON
7658,SIRA
7642,DERMASON
3528,BOMBAY
5183,CALI
13214,DERMASON
8314,SIRA
11202,DERMASON
1977,SEKER
11306,DERMASON
6404,HOROZ
9880,SIRA
140,SEKER
7669,DERMASON
5681,HOROZ
6201,HOROZ
12047,DERMASON
12521,DERMASON
10205,DERMASON
2171,BARBUNYA
2859,BARBUNYA
12522,DERMASON
5946,SIRA
6100,HOROZ
8876,SIRA
4308,CALI
10062,HOROZ
10526,DERMASON
12856,DERMASON
11706,DERMASON
1424,SEKER
5253,CALI
298,SEKER
54,SEKER
755,SEKER
4870,CALI
4524,CALI
6779,HOROZ
8683,SIRA
9080,SIRA
4255,CALI
2708,BARBUNYA
6528,HOROZ
10043,HOROZ
7025,HOROZ
6065,HOROZ
2569,BARBUNYA
4539,CALI
8477,SIRA
4224,CALI
2396,BARBUNYA
11929,DERMASON
1917,SEKER
11019,DERMASON
1639,SEKER
11401,DERMASON
13041,DERMASON
5727,HOROZ
6441,HOROZ
12372,DERMASON
11424,DERMASON
12808,DERMASON
8022,SIRA
5992,HOROZ
10072,DERMASON
3648,BOMBAY
6529,HOROZ
12143,DERMASON
3637,BOMBAY
8845,SIRA
9059,SIRA
11773,DERMASON
4898,CALI
10882,DERMASON
10807,DERMASON
12299,DERMASON
7761,SIRA
7280,HOROZ
6869,HOROZ
652,SEKER
4221,CALI
1590,SEKER
1834,SEKER
7831,SIRA
2787,BARBUNYA
5718,HOROZ
6643,HOROZ
3689,BOMBAY
2994,BARBUNYA
8853,SIRA
3846,BOMBAY
7224,HOROZ
12109,DERMASON
3083,BARBUNYA
9141,SEKER
8633,SIRA
6363,HOROZ
12814,DERMASON
4315,CALI
10278,DERMASON
3789,BOMBAY
9783,SIRA
686,SEKER
12903,DERMASON
7265,HOROZ
10626,DERMASON
64,SEKER
9673,SIRA
3553,BOMBAY
1704,SEKER
5689,HOROZ
10718,DERMASON
2502,BARBUNYA
7441,DERMASON
5855,HOROZ
1560,SEKER
10974,DERMASON
9883,SIRA
12259,DERMASON
8781,SIRA
5491,CALI
12582,DERMASON
7662,DERMASON
938,SEKER
6142,HOROZ
10192,DERMASON
9312,SIRA
2465,BARBUNYA
8100,SIRA
3923,CALI
3560,BOMBAY
10945,DERMASON
9843,SIRA
11395,DERMASON
3473,BOMBAY
9741,SIRA
9503,SIRA
12683,DERMASON
7235,HOROZ
3328,BARBUNYA
10141,DERMASON
1932,SEKER
8500,SIRA
3002,BARBUNYA
356,SEKER
869,SEKER
12595,DERMASON
10553,DERMASON
139,SEKER
1425,SEKER
7131,HOROZ
12637,DERMASON
2540,BARBUNYA
12674,DERMASON
6961,HOROZ
6944,HOROZ
9482,SIRA
9379,SIRA
4045,CALI
9613,SIRA
6146,HOROZ
6935,HOROZ
1592,SEKER
5563,HOROZ
5641,HOROZ
11003,DERMASON
4878,CALI
1490,SEKER
8841,SIRA
5569,HOROZ
7306,HOROZ
7003,HOROZ
5156,CALI
7098,HOROZ
3126,BARBUNYA
11348,DERMASON
1136,SEKER
8279,SIRA
9689,SIRA
13572,SEKER
3387,BOMBAY
10695,DERMASON
4678,CALI
8686,SIRA
4594,CALI
4474,CALI
12390,DERMASON
11193,DERMASON
10293,DERMASON
7369,HOROZ
12762,DERMASON
1434,SEKER
13397,DERMASON
1074,SEKER
802,SEKER
10096,DERMASON
13425,SIRA
4449,CALI
5928,HOROZ
6956,HOROZ
1732,SEKER
12244,DERMASON
3136,BARBUNYA
2021,BARBUNYA
8641,SIRA
2976,BARBUNYA
11647,DERMASON
8187,SIRA
951,SEKER
5664,SIRA
10804,DERMASON
1895,SIRA
11031,DERMASON
2384,BARBUNYA
8425,SIRA
4621,CALI
1065,SEKER
6877,HOROZ
9695,SEKER
10344,DERMASON
3823,BOMBAY
3703,BOMBAY
11283,DERMASON
6470,HOROZ
11982,DERMASON
6375,HOROZ
9109,SIRA
5023,CALI
7315,HOROZ
2172,BARBUNYA
3000,BARBUNYA
3664,BOMBAY
416,SEKER
11760,DERMASON
1541,SEKER
7867,DERMASON
1309,SEKER
9838,SIRA
6161,HOROZ
6167,HOROZ
11170,DERMASON
13166,DERMASON
5191,CALI
1870,SEKER
12238,DERMASON
12499,DERMASON
9120,SIRA
682,SEKER
9871,SIRA
4510,CALI
1031,SEKER
8016,SIRA
2778,BARBUNYA
4691,CALI
9387,SIRA
6939,HOROZ
8049,SIRA
12747,DERMASON
4965,CALI
10012,HOROZ
12529,DERMASON
1701,SEKER
6148,HOROZ
6559,HOROZ
12627,DERMASON
11636,DERMASON
12166,DERMASON
10811,DERMASON
1346,SEKER
11118,DERMASON
13219,DERMASON
7990,DERMASON
8094,SIRA
7640,SIRA
13072,SEKER
11918,DERMASON
7874,SIRA
11257,DERMASON
5903,HOROZ
9184,SIRA
12169,DERMASON
4019,CALI
2293,BARBUNYA
8390,SIRA
8272,SIRA
3223,CALI
779,SEKER
10397,DERMASON
10563,DERMASON
12567,DERMASON
2607,BARBUNYA
11073,DERMASON
10839,DERMASON
3556,BOMBAY
1837,SEKER
3221,BARBUNYA
3591,BOMBAY
4547,CALI
9205,SIRA
1348,SEKER
10979,DERMASON
345,SEKER
6657,HOROZ
375,SEKER
5518,DERMASON
5078,CALI
1372,SEKER
5243,CALI
10900,DERMASON
9256,SIRA
1528,SEKER
7975,SIRA
11166,DERMASON
1807,SEKER
8484,SIRA
1754,SEKER
2136,BARBUNYA
5833,HOROZ
86,SEKER
10798,DERMASON
13461,DERMASON
5626,SIRA
9484,SIRA
10565,DERMASON
9489,SIRA
11729,DERMASON
5779,HOROZ
6536,HOROZ
1644,SEKER
11975,DERMASON
5606,SIRA
4436,CALI
202,SEKER
9551,SIRA
9133,SIRA
1269,SEKER
9495,SIRA
8,SEKER
983,SEKER
7165,HOROZ
6552,HOROZ
8684,SIRA
6208,HOROZ
11515,SIRA
9711,SIRA
2209,BARBUNYA
12214,DERMASON
2070,BARBUNYA
5951,HOROZ
914,SEKER
3900,HOROZ
5131,CALI
5620,HOROZ
3217,BARBUNYA
5326,CALI
3983,CALI
8140,SIRA
2182,BARBUNYA
1170,SEKER
3229,BARBUNYA
10737,DERMASON
8984,SIRA
2749,BARBUNYA
5462,CALI
5542,HOROZ
5819,HOROZ
12559,DERMASON
4355,CALI
11172,DERMASON
5342,CALI
4813,CALI
6055,HOROZ
5894,HOROZ
10668,DERMASON
85,SEKER
12827,DERMASON
9766,SIRA
6668,HOROZ
2082,BARBUNYA
2955,BARBUNYA
12082,DERMASON
6367,HOROZ
7824,SIRA
9867,SIRA
1262,SEKER
5776,HOROZ
12121,DERMASON
13241,DERMASON
5052,CALI
10663,DERMASON
405,SEKER
5354,CALI
4312,CALI
9209,SIRA
4334,CALI
12735,DERMASON
6709,HOROZ
13140,DERMASON
11591,DERMASON
1994,SEKER
743,SEKER
3972,CALI
13194,DERMASON
12489,DERMASON
959,SEKER
4570,CALI
9469,SIRA
2637,BARBUNYA
2660,BARBUNYA
9355,SIRA
5064,CALI
7035,HOROZ
7789,SEKER
1418,SEKER
11628,DERMASON
4954,CALI
10203,DERMASON
9948,SIRA
5332,CALI
10348,DERMASON
3649,BOMBAY
3237,BARBUNYA
1157,SEKER
33,SEKER
2992,BARBUNYA
12295,DERMASON
7563,DERMASON
2906,BARBUNYA
1928,SEKER
2716,BARBUNYA
9027,SIRA
6310,HOROZ
3149,BARBUNYA
1684,SEKER
5411,CALI
6749,HOROZ
9038,SIRA
12617,DERMASON
13077,DERMASON
7516,DERMASON
8969,SIRA
6788,HOROZ
1750,SEKER
3948,CALI
4586,CALI
3326,BARBUNYA
11608,DERMASON
7643,DERMASON
283,SEKER
8290,SIRA
1997,SEKER
11269,DERMASON
6005,HOROZ
2722,BARBUNYA
11600,DERMASON
5932,HOROZ
1737,SEKER
244,SEKER
11254,DERMASON
5475,CALI
10202,DERMASON
8943,SIRA
4973,CALI
2910,BARBUNYA
12425,DERMASON
12407,DERMASON
11996,DERMASON
4053,CALI
4129,CALI
4318,CALI
4988,CALI
7843,SIRA
3073,CALI
6545,HOROZ
12768,DERMASON
725,SEKER
2340,BARBUNYA
10525,DERMASON
1473,SEKER
6056,HOROZ
6389,HOROZ
7870,SIRA
3836,BOMBAY
1707,SEKER
3785,BOMBAY
2440,BARBUNYA
8023,SIRA
10300,DERMASON
10385,DERMASON
667,SEKER
11570,DERMASON
11294,DERMASON
7180,HOROZ
9061,SIRA
11556,DERMASON
3484,BOMBAY
8737,SIRA
1139,SEKER
9162,SIRA
8359,SIRA
4982,CALI
10590,DERMASON
4026,CALI
4516,CALI
7998,SIRA
3882,SEKER
7733,SIRA
1196,SEKER
10367,DERMASON
9955,SIRA
2071,BARBUNYA
4993,CALI
13310,DERMASON
1155,SEKER
6871,HOROZ
9803,SIRA
11414,DERMASON
8186,SIRA
6023,HOROZ
6262,HOROZ
6640,HOROZ
2693,BARBUNYA
12200,DERMASON
1854,SEKER
3583,BOMBAY
3638,BOMBAY
2932,BARBUNYA
10223,DERMASON
8339,SIRA
6667,HOROZ
2733,BARBUNYA
2916,BARBUNYA
11315,DERMASON
3061,BARBUNYA
5341,CALI
1725,SEKER
7835,SIRA
5410,CALI
6101,HOROZ
6485,HOROZ
10623,DERMASON
6076,HOROZ
10529,DERMASON
10784,DERMASON
206,SEKER
11624,DERMASON
4106,CALI
8967,SIRA
11403,DERMASON
9805,SIRA
5634,HOROZ
1509,SEKER
7107,HOROZ
1809,SEKER
5888,HOROZ
9147,SIRA
8293,SIRA
10443,DERMASON
9816,SIRA
888,SEKER
7515,DERMASON
7181,HOROZ
9715,SIRA
299,SEKER
6973,HOROZ
3797,BOMBAY
7068,HOROZ
10859,DERMASON
890,SEKER
10689,DERMASON
3203,BARBUNYA
11804,DERMASON
966,SEKER
7223,HOROZ
419,SEKER
7214,HOROZ
2025,BARBUNYA
6751,HOROZ
5301,CALI
3299,CALI
170,SEKER
2717,BARBUNYA
5706,HOROZ
11926,DERMASON
2123,BARBUNYA
7037,HOROZ
6240,HOROZ
3821,BOMBAY
9998,SIRA
4634,CALI
8278,SIRA
5466,CALI
4511,CALI
13168,DERMASON
6810,HOROZ
10786,DERMASON
9491,SIRA
3729,BOMBAY
3177,BARBUNYA
1576,SEKER
6694,HOROZ
2648,BARBUNYA
1117,SEKER
10541,DERMASON
614,SEKER
2437,BARBUNYA
3115,BARBUNYA
8528,SIRA
11676,DERMASON
9592,SIRA
1654,SEKER
12289,DERMASON
12366,DERMASON
2262,BARBUNYA
9068,SIRA
11516,DERMASON
12353,DERMASON
9175,SIRA
9926,SIRA
11335,DERMASON
2535,BARBUNYA
208,DERMASON
3840,BOMBAY
5313,CALI
2780,BARBUNYA
11577,DERMASON
9357,SIRA
4167,CALI
9311,SIRA
10738,DERMASON
5955,HOROZ
13125,DERMASON
11825,DERMASON
7673,SIRA
7052,HOROZ
8175,SIRA
1432,SEKER
5572,HOROZ
12981,DERMASON
1645,SEKER
12235,DERMASON
928,SEKER
747,SEKER
10464,DERMASON
3992,HOROZ
8064,SIRA
3228,BARBUNYA
13595,SIRA
7719,SIRA
9032,SIRA
10332,DERMASON
5732,HOROZ
10501,DERMASON
7734,DERMASON
11037,DERMASON
9442,SIRA
6906,HOROZ
3255,CALI
7895,SIRA
2874,BARBUNYA
3344,BARBUNYA
10667,DERMASON
12135,DERMASON
10187,DERMASON
8599,SIRA
2488,BARBUNYA
9450,SIRA
3202,BARBUNYA
6750,HOROZ
1839,SEKER
4485,CALI
8385,SIRA
4340,CALI
1277,SEKER
1032,SEKER
508,SEKER
4219,CALI
6968,HOROZ
8573,SIRA
11101,DERMASON
6695,HOROZ
6700,HOROZ
9661,SIRA
3327,BARBUNYA
6354,HOROZ
9629,SIRA
2572,BARBUNYA
8437,SIRA
6972,HOROZ
4486,CALI
8388,SIRA
9352,SIRA
7971,SIRA
1969,SIRA
12029,DERMASON
1090,SEKER
13216,DERMASON
5000,CALI
12843,DERMASON
327,SEKER
6981,HOROZ
4246,CALI
12512,DERMASON
6319,HOROZ
9166,SIRA
9762,SIRA
2210,BARBUNYA
8355,SIRA
13221,DERMASON
11296,DERMASON
11509,DERMASON
4771,CALI
4541,CALI
13576,SEKER
12381,DERMASON
1939,SEKER
12324,DERMASON
10968,DERMASON
2504,BARBUNYA
1234,SEKER
5135,CALI
284,SEKER
853,SEKER
8054,SIRA
9340,SIRA
7190,HOROZ
10416,DERMASON
12156,DERMASON
11130,DERMASON
12525,DERMASON
5371,CALI
9152,SIRA
5104,CALI
1662,SEKER
2279,BARBUNYA
9116,SIRA
1796,SEKER
1082,SEKER
4403,CALI
3244,BARBUNYA
2497,BARBUNYA
2898,BARBUNYA
7075,HOROZ
12729,DERMASON
13504,DERMASON
7893,SIRA
8961,SIRA
13345,DERMASON
3848,BOMBAY
6679,HOROZ
7822,SIRA
12979,DERMASON
2478,BARBUNYA
8699,SIRA
4349,CALI
13497,SIRA
6337,HOROZ
5598,HOROZ
936,SEKER
12928,DERMASON
12245,DERMASON
13170,DERMASON
2741,BARBUNYA
6868,HOROZ
9999,SIRA
5302,CALI
6962,HOROZ
3692,BOMBAY
9439,SIRA
9193,SIRA
167,SEKER
7716,DERMASON
3977,CALI
13189,DERMASON
10162,DERMASON
3437,BOMBAY
623,SEKER
2193,BARBUNYA
8938,SIRA
1910,SIRA
3709,BOMBAY
57,SEKER
11511,DERMASON
11923,DERMASON
9563,SIRA
716,SEKER
10767,DERMASON
10785,DERMASON
11714,DERMASON
2418,BARBUNYA
5278,CALI
8034,SIRA
10016,BARBUNYA
11630,DERMASON
6754,HOROZ
6916,HOROZ
12498,DERMASON
11514,DERMASON
2516,BARBUNYA
11822,DERMASON
1768,SEKER
9602,SIRA
13223,DERMASON
1135,SEKER
11555,DERMASON
5676,HOROZ
3192,BARBUNYA
3028,BARBUNYA
702,SEKER
3961,CALI
6343,HOROZ
8937,SIRA
8157,SIRA
11128,DERMASON
1164,SEKER
10067,DERMASON
9453,SIRA
1310,SEKER
8371,SIRA
11603,DERMASON
10347,DERMASON
8896,SIRA
7194,HOROZ
74,SEKER
2106,BARBUNYA
10024,SIRA
7066,HOROZ
6842,HOROZ
3933,CALI
8421,SIRA
267,SEKER
8035,SIRA
264,SEKER
11883,DERMASON
3872,SEKER
10101,DERMASON
10855,DERMASON
4292,CALI
12975,DERMASON
1396,SEKER
11001,DERMASON
3544,BOMBAY
1220,SEKER
4574,CALI
6802,HOROZ
5399,CALI
8803,SIRA
584,SEKER
11140,DERMASON
9151,SIRA
8878,SIRA
4758,CALI
1672,SEKER
11480,DERMASON
3492,BOMBAY
12770,DERMASON
1311,SEKER
9921,SIRA
62,SEKER
6949,HOROZ
89,SEKER
10977,DERMASON
8481,SIRA
4538,CALI
2306,BARBUNYA
2981,BARBUNYA
3614,BOMBAY
9344,SIRA
8348,SIRA
1449,SEKER
9332,SIRA
8811,SIRA
10634,DERMASON
9334,SIRA
11258,DERMASON
12079,DERMASON
5405,CALI
6912,HOROZ
5056,CALI
1886,SEKER
3365,BOMBAY
4548,CALI
5099,CALI
2256,BARBUNYA
3305,BARBUNYA
8971,SIRA
8311,SIRA
3536,BOMBAY
975,SEKER
4563,CALI
12698,DERMASON
12766,DERMASON
6206,HOROZ
1925,SEKER
8849,SIRA
340,SEKER
2354,BARBUNYA
5677,HOROZ
7869,SIRA
10277,DERMASON
10129,DERMASON
782,SEKER
5028,CALI
4272,CALI
7221,HOROZ
12284,DERMASON
10066,DERMASON
2767,BARBUNYA
10071,DERMASON
8300,SIRA
6342,HOROZ
12693,DERMASON
7168,HOROZ
1214,SEKER
4940,CALI
6891,HOROZ
1849,SEKER
11152,DERMASON
6273,HOROZ
6205,HOROZ
13172,SIRA
449,SEKER
12051,DERMASON
3370,BOMBAY
4952,CALI
3164,BARBUNYA
7663,DERMASON
7226,HOROZ
4456,CALI
8508,SIRA
7185,HOROZ
13083,SIRA
724,SEKER
9532,SIRA
1481,SEKER
5392,CALI
7100,HOROZ
6806,HOROZ
12556,DERMASON
9839,SIRA
12167,DERMASON
8393,SIRA
6034,HOROZ
6467,HOROZ
10833,DERMASON
3122,CALI
5682,HOROZ
7686,SIRA
10862,DERMASON
13422,SIRA
6899,HOROZ
12185,DERMASON
2458,BARBUNYA
1358,SEKER
9213,SIRA
3725,BOMBAY
11523,DERMASON
2618,BARBUNYA
1982,SEKER
12188,DERMASON
4461,CALI
12661,DERMASON
3666,BOMBAY
1765,SEKER
1100,SEKER
10943,DERMASON
1746,SEKER
867,SEKER
2485,BARBUNYA
3585,BOMBAY
6837,SIRA
4483,CALI
11990,DERMASON
8109,SIRA
12744,DERMASON
10410,DERMASON
10850,DERMASON
11168,DERMASON
12434,DERMASON
6652,HOROZ
3491,BOMBAY
11384,DERMASON
5811,HOROZ
12436,DERMASON
10236,DERMASON
10883,DERMASON
10360,DERMASON
12271,DERMASON
6635,HOROZ
6216,HOROZ
4152,CALI
6584,HOROZ
6087,HOROZ
10006,HOROZ
1180,SEKER
7942,SIRA
2104,BARBUNYA
6579,HOROZ
11430,DERMASON
12265,DERMASON
2684,BARBUNYA
5650,SIRA
9043,SIRA
9233,SIRA
7178,HOROZ
2249,BARBUNYA
12049,DERMASON
474,SEKER
2819,BARBUNYA
2675,BARBUNYA
2042,BARBUNYA
11236,DERMASON
2237,BARBUNYA
1037,SEKER
9288,SIRA
8700,SIRA
2551,BARBUNYA
3380,BOMBAY
9716,SIRA
1875,SEKER
9452,SIRA
10406,DERMASON
5990,HOROZ
12044,DERMASON
8713,SIRA
10327,DERMASON
4140,CALI
11830,DERMASON
4569,CALI
13507,SIRA
6188,HOROZ
8650,SIRA
1233,HOROZ
5973,HOROZ
4890,CALI
11777,DERMASON
1588,SEKER
8166,SIRA
446,SEKER
7887,SIRA
6388,HOROZ
13162,DERMASON
7782,SIRA
11055,DERMASON
6932,HOROZ
4612,CALI
10143,DERMASON
10774,DERMASON
2664,BARBUNYA
2113,BARBUNYA
4943,CALI
12592,DERMASON
10460,DERMASON
6058,HOROZ
12344,DERMASON
13174,DERMASON
11886,DERMASON
10533,DERMASON
7666,SIRA
3999,BARBUNYA
8028,SIRA
7513,DERMASON
13587,SIRA
11586,DERMASON
2714,BARBUNYA
1207,SEKER
3481,BOMBAY
10685,DERMASON
8677,SIRA
8555,SIRA
7039,HOROZ
6303,HOROZ
4956,CALI
9642,SIRA
12608,DERMASON
10486,DERMASON
5841,HOROZ
8005,SIRA
8647,SIRA
13513,SIRA
3218,BARBUNYA
10584,DERMASON
7084,HOROZ
11213,DERMASON
6537,HOROZ
5474,CALI
161,SEKER
353,SEKER
10702,DERMASON
13015,DERMASON
7924,SIRA
3348,BARBUNYA
13484,SIRA
11247,DERMASON
13409,SIRA
12606,DERMASON
12038,DERMASON
2938,BARBUNYA
6215,SIRA
5672,HOROZ
5469,CALI
3001,BARBUNYA
9753,SIRA
2941,BARBUNYA
6481,HOROZ
7065,HOROZ
3909,CALI
828,SEKER
8226,SIRA
3805,BOMBAY
7890,SIRA
13062,DERMASON
12223,DERMASON
1078,SEKER
2593,BARBUNYA
6878,HOROZ
3635,BOMBAY
10995,DERMASON
5418,CALI
7995,DERMASON
9859,SIRA
8870,SIRA
8076,SIRA
5745,HOROZ
5420,CALI
10886,DERMASON
413,SEKER
4364,CALI
3501,BOMBAY
6174,HOROZ
979,SEKER
1690,SEKER
1218,SEKER
3368,BOMBAY
1856,SEKER
13108,DERMASON
8343,SIRA
9343,SIRA
10440,DERMASON
60,SEKER
8011,SIRA
1422,SEKER
8842,SIRA
5417,CALI
10801,DERMASON
2653,BARBUNYA
14,SEKER
10853,DERMASON
5236,CALI
11517,DERMASON
10052,SIRA
5372,CALI
6622,HOROZ
6870,HOROZ
12799,DERMASON
435,SEKER
4605,CALI
8337,SIRA
2755,BARBUNYA
1999,SIRA
3284,BARBUNYA
6590,HOROZ
11309,DERMASON
276,SEKER
657,SEKER
8692,SIRA
3850,BOMBAY
5863,HOROZ
11014,DERMASON
1829,SEKER
11885,DERMASON
6515,HOROZ
10495,DERMASON
502,SEKER
12897,DERMASON
3832,BOMBAY
4376,CALI
10976,DERMASON
9696,SIRA
2290,BARBUNYA
13372,DERMASON
9455,SIRA
8379,SIRA
11595,DERMASON
2176,BARBUNYA
4884,CALI
3029,BARBUNYA
5422,CALI
11526,DERMASON
2447,BARBUNYA
8923,SEKER
4191,CALI
11426,DERMASON
5483,CALI
6591,HOROZ
7213,HOROZ
6546,HOROZ
7438,DERMASON
11154,DERMASON
6839,HOROZ
10725,DERMASON
10091,DERMASON
8004,SIRA
12273,DERMASON
6928,HOROZ
3334,BARBUNYA
11155,DERMASON
3058,BARBUNYA
12330,DERMASON
10926,DERMASON
752,SEKER
1585,SEKER
8473,SIRA
6791,HOROZ
9855,SIRA
6654,HOROZ
11114,DERMASON
25,SEKER
11208,DERMASON
437,SEKER
9389,SIRA
12809,DERMASON
6738,HOROZ
8061,SIRA
392,SEKER
4245,HOROZ
7591,SIRA
7987,SIRA
13212,DERMASON
3226,BARBUNYA
583,SEKER
11554,DERMASON
1268,SEKER
6086,HOROZ
6910,HOROZ
4588,CALI
7332,HOROZ
2937,BARBUNYA
4730,CALI
4819,CALI
5096,CALI
1885,SEKER
4319,CALI
3612,BOMBAY
902,SEKER
7407,CALI
13119,DERMASON
8617,SIRA
8982,SIRA
1835,SEKER
3860,BOMBAY
483,SEKER
3523,BOMBAY
10126,DERMASON
12882,DERMASON
1981,SEKER
424,SEKER
13351,SIRA
11498,DERMASON
7932,SIRA
10483,DERMASON
9541,SIRA
8171,SIRA
2305,BARBUNYA
6165,HOROZ
357,SEKER
6171,HOROZ
10802,DERMASON
5803,HOROZ
120,SEKER
9338,SIRA
9538,SIRA
3453,BOMBAY
8144,SIRA
13026,DERMASON
2591,CALI
2257,BARBUNYA
4757,CALI
1055,SEKER
1940,SEKER
11524,DERMASON
4636,CALI
3795,BOMBAY
5621,HOROZ
3079,BARBUNYA
11501,DERMASON
5075,CALI
7800,SIRA
13120,DERMASON
12631,DERMASON
12638,DERMASON
13323,DERMASON
518,SEKER
1388,DERMASON
554,SEKER
7281,HOROZ
9375,SIRA
10310,DERMASON
3052,BARBUNYA
10902,DERMASON
11587,DERMASON
10330,DERMASON
5502,DERMASON
11350,DERMASON
6915,HOROZ
13573,SIRA
8154,SIRA
1412,SEKER
1921,SEKER
5994,HOROZ
5786,HOROZ
3873,SIRA
1878,SEKER
8086,SIRA
9310,SIRA
3963,CALI
2365,BARBUNYA
5644,SIRA
12636,DERMASON
10183,DERMASON
9165,SIRA
10599,DERMASON
8636,SIRA
6804,HOROZ
12453,DERMASON
11700,DERMASON
9687,SIRA
9701,SIRA
5505,DERMASON
9856,SIRA
2669,BARBUNYA
11147,DERMASON
11588,DERMASON
595,SEKER
8250,SIRA
6748,HOROZ
2896,BARBUNYA
10337,DERMASON
12551,SEKER
4180,CALI
13474,DERMASON
2695,BARBUNYA
2492,BARBUNYA
9933,SIRA
7004,HOROZ
1294,SEKER
11267,DERMASON
4637,CALI
4625,CALI
9634,SIRA
2296,BARBUNYA
1858,SEKER
671,SEKER
9755,SIRA
2754,BARBUNYA
13276,DERMASON
1351,SEKER
8954,SIRA
778,SEKER
13324,DERMASON
6089,HOROZ
1163,SEKER
10014,SIRA
6929,HOROZ
3693,BOMBAY
13577,SIRA
1984,BARBUNYA
1773,SEKER
13035,DERMASON
2177,BARBUNYA
1505,SEKER
4937,CALI
7644,DERMASON
4061,CALI
3615,BOMBAY
572,SEKER
10940,DERMASON
2280,BARBUNYA
5125,CALI
11287,DERMASON
12087,DERMASON
1246,SEKER
4198,CALI
6544,HOROZ
5954,HOROZ
4027,CALI
10651,DERMASON
8602,SIRA
6340,HOROZ
13006,DERMASON
13198,DERMASON
1484,SEKER
11812,DERMASON
7484,DERMASON
6138,HOROZ
12347,DERMASON
2683,BARBUNYA
1972,SIRA
2002,SEKER
3488,BOMBAY
4216,CALI
12508,DERMASON
323,SEKER
6490,HOROZ
8944,SIRA
5254,CALI
8315,SIRA
3521,BOMBAY
8507,SIRA
8533,SIRA
2467,BARBUNYA
1415,SEKER
1553,SEKER
123,SEKER
12131,DERMASON
12699,DERMASON
11177,DERMASON
4680,CALI
4583,CALI
10820,DERMASON
5791,HOROZ
9927,SIRA
953,SEKER
4327,CALI
1909,SEKER
1680,SEKER
10957,DERMASON
5848,HOROZ
10678,DERMASON
714,SEKER
7047,HOROZ
13178,DERMASON
4721,CALI
5902,HOROZ
4886,CALI
9046,SIRA
2776,BARBUNYA
2744,BARBUNYA
757,SEKER
11786,DERMASON
1693,SIRA
13141,DERMASON
10204,DERMASON
4513,CALI
5861,HOROZ
7676,SIRA
2923,BARBUNYA
79,DERMASON
604,SEKER
10909,DERMASON
9560,SIRA
8461,SIRA
4145,CALI
12027,DERMASON
3894,SIRA
12004,DERMASON
7097,HOROZ
7141,HOROZ
11767,DERMASON
13442,DERMASON
8772,SIRA
3077,BARBUNYA
10023,SIRA
12314,DERMASON
7556,DERMASON
3188,BARBUNYA
989,SEKER
12148,DERMASON
2991,CALI
7552,DERMASON
9128,SIRA
10441,DERMASON
5007,CALI
9678,SIRA
11346,DERMASON
9985,SIRA
3838,BOMBAY
2201,SIRA
138,SEKER
1744,SEKER
3267,BARBUNYA
3509,BOMBAY
7866,DERMASON
11015,DERMASON
6848,HOROZ
894,SEKER
5248,CALI
5106,CALI
10100,DERMASON
11959,DERMASON
1559,SEKER
12352,DERMASON
922,SEKER
5097,CALI
861,SEKER
9904,SIRA
3986,CALI
9100,SIRA
4001,CALI
13455,DERMASON
11165,DERMASON
13568,SIRA
5259,CALI
5885,HOROZ
3410,BOMBAY
1791,SIRA
4277,CALI
181,SEKER
5231,CALI
5402,CALI
5523,DERMASON
5255,CALI
2270,BARBUNYA
11743,DERMASON
9009,SIRA
1663,SEKER
4526,CALI
2739,BARBUNYA
3304,BARBUNYA
10576,DERMASON
12990,DERMASON
9045,SIRA
5555,HOROZ
7245,HOROZ
1189,SEKER
12072,DERMASON
11100,DERMASON
3088,BARBUNYA
1542,SEKER
1958,SEKER
5701,HOROZ
4260,CALI
5416,CALI
7244,HOROZ
8929,SIRA
4240,CALI
11843,DERMASON
1134,SEKER
688,SEKER
6233,HOROZ
1366,SEKER
5073,CALI
4132,HOROZ
10490,DERMASON
10359,DERMASON
5749,HOROZ
1257,SEKER
8397,SIRA
5388,CALI
12641,DERMASON
6926,HOROZ
8457,SIRA
11012,DERMASON
11201,DERMASON
1468,SEKER
3538,BOMBAY
11185,DERMASON
6318,HOROZ
1545,SEKER
1363,SEKER
5179,CALI
8770,SIRA
931,SEKER
12060,DERMASON
7705,DERMASON
7320,HOROZ
8422,SIRA
1549,SEKER
9026,SIRA
690,SEKER
7743,DERMASON
10051,HOROZ
12611,DERMASON
9569,SIRA
10362,DERMASON
5468,CALI
12652,DERMASON
7286,HOROZ
8317,SIRA
3901,SIRA
3479,BOMBAY
12784,DERMASON
6316,HOROZ
514,SEKER
293,DERMASON
4933,CALI
7475,DERMASON
6681,HOROZ
9342,SIRA
10880,DERMASON
12519,DERMASON
6136,HOROZ
6094,HOROZ
2909,BARBUNYA
12926,DERMASON
9989,SIRA
7331,CALI
13469,SIRA
1239,SEKER
12914,DERMASON
5120,CALI
1805,SEKER
2317,BARBUNYA
10829,DERMASON
3066,BARBUNYA
4843,CALI
